{
  "model_name": "complement_nb",
  "model_path": "models\\complement_nb.joblib",
  "test": {
    "accuracy": 0.9657270330561752,
    "average_precision": 0.997219359453191,
    "f1": 0.9662943757479059,
    "f2": 0.9516046666928546,
    "false_negative": 298.0,
    "false_negative_rate": 0.057942834921252184,
    "false_positive": 40.0,
    "false_positive_rate": 0.008476372112735749,
    "precision": 0.9918116683725691,
    "recall": 0.9420571650787478,
    "roc_auc": 0.9972087964239696,
    "true_negative": 4679.0,
    "true_positive": 4845.0
  },
  "test_prediction_path": "reports\\predictions\\complement_nb_test_predictions.csv",
  "val_prediction_path": "reports\\predictions\\complement_nb_val_predictions.csv",
  "validation": {
    "accuracy": 0.9607544873745056,
    "average_precision": 0.99607875579462,
    "f1": 0.9613270710502648,
    "f2": 0.9456218299060276,
    "false_negative": 332.0,
    "false_negative_rate": 0.06456631660832361,
    "false_positive": 55.0,
    "false_positive_rate": 0.011655011655011656,
    "precision": 0.9886947584789312,
    "recall": 0.9354336833916764,
    "roc_auc": 0.9966010852294931,
    "true_negative": 4664.0,
    "true_positive": 4810.0
  }
}