{
  "model_name": "dummy",
  "model_path": "models\\dummy.joblib",
  "test": {
    "accuracy": 0.521496653822754,
    "average_precision": 0.521496653822754,
    "f1": 0.6855048317227591,
    "f2": 0.8449431556811461,
    "false_negative": 0.0,
    "false_negative_rate": 0.0,
    "false_positive": 4719.0,
    "false_positive_rate": 1.0,
    "precision": 0.521496653822754,
    "recall": 1.0,
    "roc_auc": 0.5,
    "true_negative": 0.0,
    "true_positive": 5143.0
  },
  "test_prediction_path": "reports\\predictions\\dummy_test_predictions.csv",
  "val_prediction_path": "reports\\predictions\\dummy_val_predictions.csv",
  "validation": {
    "accuracy": 0.5214481289930027,
    "average_precision": 0.5214481289930027,
    "f1": 0.6854629074185163,
    "f2": 0.8449176772158139,
    "false_negative": 0.0,
    "false_negative_rate": 0.0,
    "false_positive": 4719.0,
    "false_positive_rate": 1.0,
    "precision": 0.5214481289930027,
    "recall": 1.0,
    "roc_auc": 0.5,
    "true_negative": 0.0,
    "true_positive": 5142.0
  }
}