{
  "model_name": "linear_svc",
  "model_path": "models/linear_svc.joblib",
  "test": {
    "accuracy": 0.9891502737781384,
    "average_precision": 0.999168154146406,
    "f1": 0.9896247454668865,
    "f2": 0.9911817263615881,
    "false_negative": 40.0,
    "false_negative_rate": 0.0077775617343962666,
    "false_positive": 67.0,
    "false_positive_rate": 0.01419792328883238,
    "precision": 0.9870406189555125,
    "recall": 0.9922224382656037,
    "roc_auc": 0.9991272286890337,
    "true_negative": 4652.0,
    "true_positive": 5103.0
  },
  "test_prediction_path": "reports/predictions/linear_svc_test_predictions.csv",
  "val_prediction_path": "reports/predictions/linear_svc_val_predictions.csv",
  "validation": {
    "accuracy": 0.9910759557854173,
    "average_precision": 0.9995086687296496,
    "f1": 0.9914563106796116,
    "f2": 0.9923812485423307,
    "false_negative": 36.0,
    "false_negative_rate": 0.007001166861143524,
    "false_positive": 52.0,
    "false_positive_rate": 0.011019283746556474,
    "precision": 0.9899185730903451,
    "recall": 0.9929988331388565,
    "roc_auc": 0.9994221741861501,
    "true_negative": 4667.0,
    "true_positive": 5106.0
  }
}