{
  "model_name": "linear_svc",
  "model_path": "models\\linear_svc.joblib",
  "test": {
    "accuracy": 0.9891502737781384,
    "average_precision": 0.9991655310582418,
    "f1": 0.9896247454668865,
    "f2": 0.9911817263615881,
    "false_negative": 40.0,
    "false_negative_rate": 0.0077775617343962666,
    "false_positive": 67.0,
    "false_positive_rate": 0.01419792328883238,
    "precision": 0.9870406189555125,
    "recall": 0.9922224382656037,
    "roc_auc": 0.9991238912102222,
    "true_negative": 4652.0,
    "true_positive": 5103.0
  },
  "test_prediction_path": "reports\\predictions\\linear_svc_test_predictions.csv",
  "val_prediction_path": "reports\\predictions\\linear_svc_val_predictions.csv",
  "validation": {
    "accuracy": 0.9911773653787649,
    "average_precision": 0.9995082874003329,
    "f1": 0.9915525779201865,
    "f2": 0.9924198250728863,
    "false_negative": 36.0,
    "false_negative_rate": 0.007001166861143524,
    "false_positive": 51.0,
    "false_positive_rate": 0.01080737444373808,
    "precision": 0.9901105293775451,
    "recall": 0.9929988331388565,
    "roc_auc": 0.9994229984152547,
    "true_negative": 4668.0,
    "true_positive": 5106.0
  }
}