{
  "best_model": "logistic_regression",
  "best_model_path": "models/best_model.joblib",
  "models": [
    {
      "model_name": "dummy",
      "model_path": "models/dummy.joblib",
      "test": {
        "accuracy": 0.5211400783466162,
        "average_precision": 0.5211400783466162,
        "f1": 0.6851966965633602,
        "f2": 0.8447558572366981,
        "false_negative": 0.0,
        "false_negative_rate": 0.0,
        "false_positive": 3545.0,
        "false_positive_rate": 1.0,
        "precision": 0.5211400783466162,
        "recall": 1.0,
        "roc_auc": 0.5,
        "true_negative": 0.0,
        "true_positive": 3858.0
      },
      "validation": {
        "accuracy": 0.5210049979737944,
        "average_precision": 0.5210049979737944,
        "f1": 0.6850799289520426,
        "f2": 0.8446848583066883,
        "false_negative": 0.0,
        "false_negative_rate": 0.0,
        "false_positive": 3546.0,
        "false_positive_rate": 1.0,
        "precision": 0.5210049979737944,
        "recall": 1.0,
        "roc_auc": 0.5,
        "true_negative": 0.0,
        "true_positive": 3857.0
      }
    },
    {
      "model_name": "logistic_regression",
      "model_path": "models/logistic_regression.joblib",
      "test": {
        "accuracy": 0.9839254356342023,
        "average_precision": 0.9985968329288236,
        "f1": 0.9846312798656851,
        "f2": 0.9866956566754672,
        "false_negative": 46.0,
        "false_negative_rate": 0.011923276308968377,
        "false_positive": 73.0,
        "false_positive_rate": 0.02059238363892807,
        "precision": 0.9812097812097812,
        "recall": 0.9880767236910316,
        "roc_auc": 0.9985409396041856,
        "true_negative": 3472.0,
        "true_positive": 3812.0
      },
      "validation": {
        "accuracy": 0.9846008374983115,
        "average_precision": 0.998607890610351,
        "f1": 0.9852941176470589,
        "f2": 0.9882005899705014,
        "false_negative": 38.0,
        "false_negative_rate": 0.009852216748768473,
        "false_positive": 76.0,
        "false_positive_rate": 0.02143260011280316,
        "precision": 0.9804878048780488,
        "recall": 0.9901477832512315,
        "roc_auc": 0.9986526208162918,
        "true_negative": 3470.0,
        "true_positive": 3819.0
      }
    }
  ],
  "primary_metric": "f2"
}