{
  "best_model": "linear_svc",
  "best_model_path": "models\\best_model.joblib",
  "models": [
    {
      "model_name": "dummy",
      "model_path": "models\\dummy.joblib",
      "test": {
        "accuracy": 0.521496653822754,
        "average_precision": 0.521496653822754,
        "f1": 0.6855048317227591,
        "f2": 0.8449431556811461,
        "false_negative": 0.0,
        "false_negative_rate": 0.0,
        "false_positive": 4719.0,
        "false_positive_rate": 1.0,
        "precision": 0.521496653822754,
        "recall": 1.0,
        "roc_auc": 0.5,
        "true_negative": 0.0,
        "true_positive": 5143.0
      },
      "test_prediction_path": "reports\\predictions\\dummy_test_predictions.csv",
      "val_prediction_path": "reports\\predictions\\dummy_val_predictions.csv",
      "validation": {
        "accuracy": 0.5214481289930027,
        "average_precision": 0.5214481289930027,
        "f1": 0.6854629074185163,
        "f2": 0.8449176772158139,
        "false_negative": 0.0,
        "false_negative_rate": 0.0,
        "false_positive": 4719.0,
        "false_positive_rate": 1.0,
        "precision": 0.5214481289930027,
        "recall": 1.0,
        "roc_auc": 0.5,
        "true_negative": 0.0,
        "true_positive": 5142.0
      }
    },
    {
      "model_name": "logistic_regression",
      "model_path": "models\\logistic_regression.joblib",
      "test": {
        "accuracy": 0.9875278848103833,
        "average_precision": 0.9987035634855097,
        "f1": 0.9880871670702179,
        "f2": 0.9903315989749165,
        "false_negative": 42.0,
        "false_negative_rate": 0.00816643982111608,
        "false_positive": 81.0,
        "false_positive_rate": 0.017164653528289893,
        "precision": 0.9843689695098418,
        "recall": 0.9918335601788839,
        "roc_auc": 0.9986238874401073,
        "true_negative": 4638.0,
        "true_positive": 5101.0
      },
      "test_prediction_path": "reports\\predictions\\logistic_regression_test_predictions.csv",
      "val_prediction_path": "reports\\predictions\\logistic_regression_val_predictions.csv",
      "validation": {
        "accuracy": 0.9865125240847784,
        "average_precision": 0.998708651577534,
        "f1": 0.9870911385033485,
        "f2": 0.9881845388472152,
        "false_negative": 57.0,
        "false_negative_rate": 0.011085180863477246,
        "false_positive": 76.0,
        "false_positive_rate": 0.016105107014197925,
        "precision": 0.9852741716721566,
        "recall": 0.9889148191365228,
        "roc_auc": 0.9986933083888637,
        "true_negative": 4643.0,
        "true_positive": 5085.0
      }
    },
    {
      "model_name": "linear_svc",
      "model_path": "models\\linear_svc.joblib",
      "test": {
        "accuracy": 0.9891502737781384,
        "average_precision": 0.9991655310582418,
        "f1": 0.9896247454668865,
        "f2": 0.9911817263615881,
        "false_negative": 40.0,
        "false_negative_rate": 0.0077775617343962666,
        "false_positive": 67.0,
        "false_positive_rate": 0.01419792328883238,
        "precision": 0.9870406189555125,
        "recall": 0.9922224382656037,
        "roc_auc": 0.9991238912102222,
        "true_negative": 4652.0,
        "true_positive": 5103.0
      },
      "test_prediction_path": "reports\\predictions\\linear_svc_test_predictions.csv",
      "val_prediction_path": "reports\\predictions\\linear_svc_val_predictions.csv",
      "validation": {
        "accuracy": 0.9911773653787649,
        "average_precision": 0.9995082874003329,
        "f1": 0.9915525779201865,
        "f2": 0.9924198250728863,
        "false_negative": 36.0,
        "false_negative_rate": 0.007001166861143524,
        "false_positive": 51.0,
        "false_positive_rate": 0.01080737444373808,
        "precision": 0.9901105293775451,
        "recall": 0.9929988331388565,
        "roc_auc": 0.9994229984152547,
        "true_negative": 4668.0,
        "true_positive": 5106.0
      }
    },
    {
      "model_name": "complement_nb",
      "model_path": "models\\complement_nb.joblib",
      "test": {
        "accuracy": 0.9657270330561752,
        "average_precision": 0.997219359453191,
        "f1": 0.9662943757479059,
        "f2": 0.9516046666928546,
        "false_negative": 298.0,
        "false_negative_rate": 0.057942834921252184,
        "false_positive": 40.0,
        "false_positive_rate": 0.008476372112735749,
        "precision": 0.9918116683725691,
        "recall": 0.9420571650787478,
        "roc_auc": 0.9972087964239696,
        "true_negative": 4679.0,
        "true_positive": 4845.0
      },
      "test_prediction_path": "reports\\predictions\\complement_nb_test_predictions.csv",
      "val_prediction_path": "reports\\predictions\\complement_nb_val_predictions.csv",
      "validation": {
        "accuracy": 0.9607544873745056,
        "average_precision": 0.99607875579462,
        "f1": 0.9613270710502648,
        "f2": 0.9456218299060276,
        "false_negative": 332.0,
        "false_negative_rate": 0.06456631660832361,
        "false_positive": 55.0,
        "false_positive_rate": 0.011655011655011656,
        "precision": 0.9886947584789312,
        "recall": 0.9354336833916764,
        "roc_auc": 0.9966010852294931,
        "true_negative": 4664.0,
        "true_positive": 4810.0
      }
    }
  ],
  "primary_metric": "f2"
}