model_name,val_accuracy,val_precision,val_recall,val_f1,val_f2,val_true_negative,val_false_positive,val_false_negative,val_true_positive,val_false_positive_rate,val_false_negative_rate,val_roc_auc,val_average_precision,test_accuracy,test_precision,test_recall,test_f1,test_f2,test_true_negative,test_false_positive,test_false_negative,test_true_positive,test_false_positive_rate,test_false_negative_rate,test_roc_auc,test_average_precision
dummy,0.5214481289930027,0.5214481289930027,1.0,0.6854629074185163,0.8449176772158139,0.0,4719.0,0.0,5142.0,1.0,0.0,0.5,0.5214481289930027,0.521496653822754,0.521496653822754,1.0,0.6855048317227591,0.8449431556811461,0.0,4719.0,0.0,5143.0,1.0,0.0,0.5,0.521496653822754
logistic_regression,0.9865125240847784,0.9852741716721566,0.9889148191365228,0.9870911385033485,0.9881845388472152,4643.0,76.0,57.0,5085.0,0.016105107014197925,0.011085180863477246,0.9986933083888637,0.998708651577534,0.9875278848103833,0.9843689695098418,0.9918335601788839,0.9880871670702179,0.9903315989749165,4638.0,81.0,42.0,5101.0,0.017164653528289893,0.00816643982111608,0.9986238874401073,0.9987035634855097
linear_svc,0.9911773653787649,0.9901105293775451,0.9929988331388565,0.9915525779201865,0.9924198250728863,4668.0,51.0,36.0,5106.0,0.01080737444373808,0.007001166861143524,0.9994229984152547,0.9995082874003329,0.9891502737781384,0.9870406189555125,0.9922224382656037,0.9896247454668865,0.9911817263615881,4652.0,67.0,40.0,5103.0,0.01419792328883238,0.0077775617343962666,0.9991238912102222,0.9991655310582418
complement_nb,0.9607544873745056,0.9886947584789312,0.9354336833916764,0.9613270710502648,0.9456218299060276,4664.0,55.0,332.0,4810.0,0.011655011655011656,0.06456631660832361,0.9966010852294931,0.99607875579462,0.9657270330561752,0.9918116683725691,0.9420571650787478,0.9662943757479059,0.9516046666928546,4679.0,40.0,298.0,4845.0,0.008476372112735749,0.057942834921252184,0.9972087964239696,0.997219359453191
