{
  "best_model": "linear_svc",
  "best_model_path": "models/best_model.joblib",
  "models": [
    {
      "model_name": "dummy",
      "model_path": "models/dummy.joblib",
      "test": {
        "accuracy": 0.521496653822754,
        "average_precision": 0.521496653822754,
        "f1": 0.6855048317227591,
        "f2": 0.8449431556811461,
        "false_negative": 0.0,
        "false_negative_rate": 0.0,
        "false_positive": 4719.0,
        "false_positive_rate": 1.0,
        "precision": 0.521496653822754,
        "recall": 1.0,
        "roc_auc": 0.5,
        "true_negative": 0.0,
        "true_positive": 5143.0
      },
      "test_prediction_path": "reports/predictions/dummy_test_predictions.csv",
      "val_prediction_path": "reports/predictions/dummy_val_predictions.csv",
      "validation": {
        "accuracy": 0.5214481289930027,
        "average_precision": 0.5214481289930027,
        "f1": 0.6854629074185163,
        "f2": 0.8449176772158139,
        "false_negative": 0.0,
        "false_negative_rate": 0.0,
        "false_positive": 4719.0,
        "false_positive_rate": 1.0,
        "precision": 0.5214481289930027,
        "recall": 1.0,
        "roc_auc": 0.5,
        "true_negative": 0.0,
        "true_positive": 5142.0
      }
    },
    {
      "model_name": "logistic_regression",
      "model_path": "models/logistic_regression.joblib",
      "test": {
        "accuracy": 0.9875278848103833,
        "average_precision": 0.9987049995091772,
        "f1": 0.9880871670702179,
        "f2": 0.9903315989749165,
        "false_negative": 42.0,
        "false_negative_rate": 0.00816643982111608,
        "false_positive": 81.0,
        "false_positive_rate": 0.017164653528289893,
        "precision": 0.9843689695098418,
        "recall": 0.9918335601788839,
        "roc_auc": 0.9986238050332229,
        "true_negative": 4638.0,
        "true_positive": 5101.0
      },
      "test_prediction_path": "reports/predictions/logistic_regression_test_predictions.csv",
      "val_prediction_path": "reports/predictions/logistic_regression_val_predictions.csv",
      "validation": {
        "accuracy": 0.9865125240847784,
        "average_precision": 0.9987193150136726,
        "f1": 0.9870911385033485,
        "f2": 0.9881845388472152,
        "false_negative": 57.0,
        "false_negative_rate": 0.011085180863477246,
        "false_positive": 76.0,
        "false_positive_rate": 0.016105107014197925,
        "precision": 0.9852741716721566,
        "recall": 0.9889148191365228,
        "roc_auc": 0.9986980477062158,
        "true_negative": 4643.0,
        "true_positive": 5085.0
      }
    },
    {
      "model_name": "linear_svc",
      "model_path": "models/linear_svc.joblib",
      "test": {
        "accuracy": 0.9891502737781384,
        "average_precision": 0.999168154146406,
        "f1": 0.9896247454668865,
        "f2": 0.9911817263615881,
        "false_negative": 40.0,
        "false_negative_rate": 0.0077775617343962666,
        "false_positive": 67.0,
        "false_positive_rate": 0.01419792328883238,
        "precision": 0.9870406189555125,
        "recall": 0.9922224382656037,
        "roc_auc": 0.9991272286890337,
        "true_negative": 4652.0,
        "true_positive": 5103.0
      },
      "test_prediction_path": "reports/predictions/linear_svc_test_predictions.csv",
      "val_prediction_path": "reports/predictions/linear_svc_val_predictions.csv",
      "validation": {
        "accuracy": 0.9910759557854173,
        "average_precision": 0.9995086687296496,
        "f1": 0.9914563106796116,
        "f2": 0.9923812485423307,
        "false_negative": 36.0,
        "false_negative_rate": 0.007001166861143524,
        "false_positive": 52.0,
        "false_positive_rate": 0.011019283746556474,
        "precision": 0.9899185730903451,
        "recall": 0.9929988331388565,
        "roc_auc": 0.9994221741861501,
        "true_negative": 4667.0,
        "true_positive": 5106.0
      }
    },
    {
      "model_name": "complement_nb",
      "model_path": "models/complement_nb.joblib",
      "test": {
        "accuracy": 0.9652200365037518,
        "average_precision": 0.9972151837135885,
        "f1": 0.9657991823711237,
        "f2": 0.9511744834629586,
        "false_negative": 300.0,
        "false_negative_rate": 0.058331713007972,
        "false_positive": 43.0,
        "false_positive_rate": 0.00911210002119093,
        "precision": 0.9911993450675399,
        "recall": 0.941668286992028,
        "roc_auc": 0.997204016824684,
        "true_negative": 4676.0,
        "true_positive": 4843.0
      },
      "test_prediction_path": "reports/predictions/complement_nb_test_predictions.csv",
      "val_prediction_path": "reports/predictions/complement_nb_val_predictions.csv",
      "validation": {
        "accuracy": 0.9604502585944631,
        "average_precision": 0.9960751902085702,
        "f1": 0.961023385968419,
        "f2": 0.9452658068575024,
        "false_negative": 334.0,
        "false_negative_rate": 0.06495527032283158,
        "false_positive": 56.0,
        "false_positive_rate": 0.01186692095783005,
        "precision": 0.9884868421052632,
        "recall": 0.9350447296771685,
        "roc_auc": 0.9965990246567313,
        "true_negative": 4663.0,
        "true_positive": 4808.0
      }
    }
  ],
  "primary_metric": "f2"
}