{
  "holdout_path": "data/interim/phishing_email_phase3_holdout.csv",
  "holdout_rows": 16496,
  "metrics": {
    "accuracy": 0.9893307468477207,
    "average_precision": 0.9989908740367486,
    "f1": 0.9897483690587139,
    "f2": 0.990232872561132,
    "false_negative": 81.0,
    "false_negative_rate": 0.00944386149003148,
    "false_positive": 95.0,
    "false_positive_rate": 0.011996464200025255,
    "precision": 0.9889419159585613,
    "recall": 0.9905561385099685,
    "roc_auc": 0.9991121042610766,
    "true_negative": 7824.0,
    "true_positive": 8496.0
  },
  "model_path": "models/best_model.joblib"
}